{
  "icons": [
    {
      "src": "/images/icon_180x180.f8e6743f17d88a5052904f6c20671c4a.png",
      "sizes": "180x180",
      "type": "image/png"
    },
    {
      "src": "/images/icon_120x120.bce3742ae6e89658cca02160e02a9195.png",
      "sizes": "120x120",
      "type": "image/png"
    },
    {
      "src": "/images/icon_512x512.77f009bea529ad1c26e9d66f4a39382e.png",
      "sizes": "512x512",
      "type": "image/png"
    },
    {
      "src": "/images/icon_192x192.fb37f1aac6214d6a70747b6cada28fc0.png",
      "sizes": "192x192",
      "type": "image/png"
    }
  ],
  "name": "Stacky",
  "short_name": "Stacky",
  "orientation": "portrait",
  "display": "fullscreen",
  "start_url": "/",
  "background_color": "rgb(22, 26, 28)",
  "theme_color": "rgb(22, 26, 28)"
}